Weight,Initial Statement,Agreement 1,Agreement 2,Agreement 3,Disagreement 1,Disagreement 2,Disagreement 3,Explanation 1,Explanation 2,Explanation 3
3,"Man, I think the latest Starward movie was their best.",Totally agree! The storyline was on point.,"Yeah, the visuals were stunning.",I loved the character development this time.,Really? I thought it was a letdown compared to the others.,Not a fan. Felt it dragged in the middle.,"It just didn’t resonate with me, honestly.",I think they had a bigger budget for this one.,It's because they changed the director.,They really delved into the lore more this time.
3,The new vegan place downtown is amazing.,"Oh, absolutely! Their seitan burger is a game-changer.",I can't believe how good vegan cheese has gotten.,Their desserts are out of this world!,Really? I thought it was overpriced for what you get.,Didn’t stand out to me. The flavors were bland.,"It just feels like a trend, not genuine.","They source all their ingredients locally, that's why.",It's probably because they have that celebrity chef.,Their focus on organic and non-GMO makes a difference.
3,I can't get enough of lo-fi music lately.,Same here! It's so relaxing while working.,It’s the perfect background noise.,"Yeah, puts me in a focused, chill mood.",Really? I find it a bit monotonous after a while.,It's not engaging enough for me.,Just feels like elevator music to me.,It's the simplicity and nostalgia in it.,I heard it's because of the repetitive beats.,It probably brings a sense of calm in our chaotic lives.
3,Board games are making a real comeback.,Definitely! Played three new ones just last month.,Love it. It's such a great way to bond.,"Digital detox is important, board games help with that.",I don’t see it. Video games are still the future.,They’re too slow-paced for my liking.,Not as thrilling as an online multiplayer game.,I guess people crave offline social interactions.,It's a reaction to our overly digital lifestyles.,They offer tangible experiences in an intangible world.
1,I've started reading physical books again.,There's nothing like the smell of a new book.,I love flipping actual pages.,Makes the reading experience more personal.,E-books are way more convenient.,Why carry around a heavy book?,Physical books just take up space.,Physical books remove digital distractions.,They're a break from screen time.,It's about the tactile connection with the story.
2,Camping is the best way to spend a weekend.,"Absolutely, reconnecting with nature is therapeutic.",Stargazing without city lights is unmatched.,I love the simplicity of campfire cooking.,But the bugs and the dirt? No thanks.,Not everyone likes sleeping on the ground.,It can be tough without usual home comforts.,It's a return to our ancestral roots.,Camping helps us appreciate modern comforts.,There's a grounding effect being so close to nature.
1,I think vinyl records sound better than digital.,There's a warmth to vinyl that's unique.,The analog feel is just different.,Love the pops and crackles. It’s authentic.,"Sounds like nostalgia, not actual quality.",Digital is clearer and more convenient.,Why go back to such a bulky format?,Vinyl captures sound waves in their purest form.,"It’s about the full experience, not just audio.",People appreciate the tangible aspect of vinyl.
1,Home cooking beats restaurant food any day.,You know exactly what goes into your food.,Homemade meals have a touch of love.,It's often healthier and more budget-friendly.,But restaurants offer variety and skill.,"Sometimes, I just want gourmet.",I can't cook as well as professional chefs.,Home cooking allows for customization.,It fosters family bonding and traditions.,There's a sense of accomplishment in making your meal.
2,I feel yoga is more than just exercise.,"Totally, it's a spiritual and mental cleanse.",It's about balance and inner peace.,Helps me connect with myself.,"I tried, but it's just slow stretching for me.",Seems like a trend everyone is jumping on.,Why not just hit the gym?,Yoga has ancient philosophical roots.,It emphasizes mindfulness and presence.,"Physical, mental, and spiritual – all in one."
1,Vintage clothing is making a massive comeback.,I love the timeless designs.,Quality was better in the past.,It's a sustainable choice too.,Isn't it just old and used?,Why pay more for someone's hand-me-downs?,"Fashion trends are cyclical, not always better.",Vintage represents historical eras and styles.,It's a pushback against fast fashion.,People crave authenticity in their style.
1,I think old-school arcade games were the best.,Nothing beats the charm of Pac-Man.,They required real skill and strategy.,It's pure nostalgia for me.,Modern games are far more sophisticated.,Why play with pixels when there's VR?,Graphics don’t make a game great.,It harkens back to simpler times.,People appreciate the straightforward gameplay.,There's a charm in their simplicity and challenge.
1.5,Artisanal coffee is just marketing hype.,"I disagree, the taste is noticeably better.",It’s about the quality of the beans and roast.,You can really taste the difference.,$7 for a coffee? No thanks.,It's just a fad. Regular coffee is fine.,Seems like pretentious overkill to me.,Artisanal refers to the craft of making it.,The beans are sourced more ethically.,It's about appreciating the coffee-making process.
1,Listening to the radio is underrated.,I love the surprise element of it.,Radio shows have a personal touch.,It's nice to connect to the local scene.,Everything’s on-demand now. Why wait for a song?,Podcasts have replaced traditional radio for me.,It lacks the personalization of streaming services.,Radio gives a platform to local artists.,It feels more 'live' and connected.,There's a shared experience with other listeners.
2,Physical planners are better than digital ones.,I love writing things down. Feels more concrete.,There's something satisfying about crossing tasks off.,It's tangible and always in front of me.,But digital ones are always with you on your phone.,Syncing and reminders are game-changers for me.,Physical planners can't alert you.,Writing helps in retaining information.,It's about the act of committing to tasks.,Physical items can be a visual reminder.
2,I believe handwriting is a dying art.,Absolutely. Typed notes just aren't the same.,There’s a personal touch to handwritten letters.,It’s therapeutic and helps with memory.,But typing is faster and neater.,"With tech everywhere, who needs to write?",Handwriting’s outdated in the digital age.,It's more about expression than communication.,Handwriting engages different parts of the brain.,"In the age of impersonal texts, it stands out."
1,Eating out is more about the experience than the food.,"Totally, it’s about the ambience and company.",The atmosphere makes a huge difference.,It’s a break from the daily routine.,Some places are overpriced for average food.,I’d rather order in and be comfortable at home.,Not every dining place offers a unique experience.,It's a sensory experience beyond just taste.,"People seek moments, not just meals.",It's as much social as it is culinary.
1,Black and white movies have a unique charm.,They capture emotions in a raw way.,It’s all about the story and characters.,The lack of color makes you focus on nuances.,I find them boring and outdated.,Color adds so much depth and context.,Why go retro when we have 4K and HDR?,It evokes a different era and sentiment.,The simplicity amplifies the storytelling.,It's a different aesthetic and artistic choice.
1,Cycling is the best way to explore a city.,You get to see the small details.,It’s both eco-friendly and good for health.,"You’re at ground level, immersed in the city.",But it's tiring and limits how far you can go.,Not feasible in all weather or city layouts.,Public transport is faster and covers more ground.,It encourages slow travel and discovery.,You're more present and observant.,It combines exercise with exploration.
1,Printed photos have a magic that digital lacks.,I love flipping through old photo albums.,There's a permanence and tangibility to them.,Holding a memory feels so different.,But digital photos are easy to share and store.,Why print when you can have a cloud album?,Physical photos can degrade or get lost.,"It’s a snapshot of a moment, made real.",Printing means you value and want to preserve it.,Physical items have an emotional weight.
1,Growing your own food is so rewarding.,Fresh homegrown produce tastes so much better.,You know it’s organic and pesticide-free.,It's a connection to the earth.,Sounds like too much work for little yield.,Why bother when supermarkets exist?,Not everyone has the space or time.,It teaches patience and care.,It's a direct relationship with your sustenance.,Understanding growth processes makes you appreciate food more.
1,Classic cars are way cooler than modern ones.,The designs were so much more iconic.,There's history and soul in them.,Modern cars lack character.,But modern cars are safer and more efficient.,Why go old when there’s so much new tech?,"It’s not always about looks, but functionality.",They represent an era of craftsmanship.,Classic cars are a testament to their time.,It's about the nostalgia and the drive experience.
1,Handmade gifts are more meaningful than store-bought.,They show thought and effort.,It's personal and unique.,It carries a piece of the giver’s heart.,But not everyone has the skill or time.,Some handmade items lack professionalism.,Store-bought can be more polished and lasting.,It's the time invested that counts.,Handmade represents care beyond monetary value.,The imperfections make them real and heartfelt.
1,Traveling by train is the most scenic way to travel.,You see the landscape change gradually.,It’s relaxing and rhythmic.,You get a different perspective of a country.,Planes are faster and more convenient.,Why take days when you can fly in hours?,Not as flexible as road trips.,"It’s a journey, not just a mode of transportation.",Trains have a historical romance to them.,You're connected to the land you travel through.
1,I believe libraries are still essential in the digital age.,The silence and atmosphere are unmatched.,There's a wealth of knowledge in them.,It's a communal space for learning.,But everything’s available online now.,Physical books are becoming obsolete.,Why go there when there's eBooks and audiobooks?,Libraries are centers of community and culture.,"It's not just about books, but access for all.",They foster a love for reading and exploration.
1,Local art scenes are often better than mainstream.,They have raw and authentic talent.,You discover unique and fresh perspectives.,It supports the community and artists directly.,But mainstream art has a wider appeal.,Quality can be inconsistent in local scenes.,Not all local art gets the recognition it deserves.,Local art reflects the spirit of the community.,It's untouched by commercial pressures.,Mainstream often starts from the local scene.
1,Physical maps have an adventure feel to them.,You get a tangible sense of location.,Marking a physical map feels more real.,It’s part of the journey and planning.,But digital maps are constantly updated and accurate.,Why carry paper when you have GPS?,Physical maps can't guide you turn by turn.,They teach spatial awareness and navigation skills.,It’s about the joy of discovery.,You’re more engaged with your surroundings.
1,Boarding schools shape character more than day schools.,You learn independence early on.,It's an immersive learning environment.,You form deeper bonds with peers.,But you miss out on family time.,It’s not suitable for every child’s temperament.,Doesn’t day-to-day family interaction shape character too?,It's a holistic development approach.,Challenges and community living instill resilience.,You’re exposed to a broader range of experiences.
1,Food tastes better when cooked over a campfire.,There’s a rustic charm to it.,The smoky flavor is unique.,It's cooking at its most primal.,But it’s not as controlled or predictable.,Why bother when there are stoves and ovens?,It's hard to get consistent results.,Firewood infuses natural flavors into food.,It's a communal and shared experience.,The outdoor setting enhances the meal.
1,I think analog watches are more elegant than digital.,They're timeless and classic.,There's craftsmanship in them.,It's a fashion statement as well as functional.,But digital watches have more features.,Why wear analog when digital tells more than time?,It’s old tech in a modern world.,Analog represents a connection to time's passage.,They're often heirlooms passed down.,The ticking second hand has a charm.
1,Sketching outdoors is a therapeutic experience.,You connect with the environment.,It enhances observation skills.,You're present in the moment.,But weather and distractions can be a challenge.,Digital tools provide more flexibility.,Not every scene stays still for you.,It's about interpreting and not just capturing.,Nature provides unexpected and inspiring views.,The impermanence of the scene adds to its value.
1,I heard that Fox is dating Owl.,Really? They make an unusual pair.,Owl always had a mysterious allure.,I saw them at the lake together.,That's just a rumor. Fox is single.,Owl is too wise for Fox's games.,It's probably just a friendly hangout.,Fox has always been drawn to intelligence.,It could be a new alliance.,Owl's wisdom and Fox's cunning is a strong combo.
3,Did you know Elephant left Cheetah for Dolphin?,No way! Cheetah must be heartbroken.,Elephant and Dolphin? That's unexpected.,I've always sensed a vibe between those two.,Cheetah deserves better anyway.,"Dolphin is a smooth talker, can't trust them.",Maybe Elephant wanted a change of pace.,Elephant needed someone more grounded.,It's all about finding the right connection.,Cheetah's speed and Dolphin's depth are opposites.
0.5,Rumor has it that Penguin is taking over Bear's territory.,Penguin in the north? That’s a power move.,Bear won't take that lightly.,They've always been competitive.,I think you've got it mixed up.,"Bear and Penguin are on good terms, it’s just business.","That's just seasonal migration, not takeover.",Penguin might be seeking a strategic alliance.,Bear has resources Penguin lacks.,It's all about adapting and surviving.
0.5,Word is that Kangaroo has a secret pact with Tortoise.,That's an odd alliance.,"Tortoise might be slow, but he's strategic.",Kangaroo can benefit from Tortoise’s experience.,Sounds like a baseless rumor.,Why would Kangaroo align with Tortoise?,There’s more than meets the eye.,"Kangaroo provides speed, Tortoise gives endurance.",They're merging their territories for mutual benefit.,It’s about balancing each other’s strengths.
1,Did you catch the drama between Peacock and Sparrow?,Peacock always wants to be the center of attention.,Sparrow has been overshadowed for too long.,I noticed their cold war at the last gathering.,Sparrow doesn’t care for Peacock’s flamboyance.,Peacock’s just being true to their nature.,"It's just a misunderstanding, I think.","Peacock needs admiration, Sparrow seeks genuine connections.",Their worlds are too different.,It's a classic case of envy.
1,I overheard that Wolf is secretly aiding Rabbit.,Isn’t Rabbit Wolf’s sworn enemy?,Wolf always plays the long game.,It might be a strategy to catch bigger prey.,"Trust me, Wolf has ulterior motives.",Rabbit shouldn't trust Wolf so easily.,Perhaps there's a bigger threat they're uniting against.,"Wolf respects cleverness, which Rabbit has.","It's a temporary truce, not an alliance.",Every partnership has its own dynamics.
1,Raccoon was seen at the same event as Eagle.,Raccoon is clearly moving up the social ladder.,Eagle has always had an elite circle.,Raccoon’s cleverness is finally paying off.,Isn’t Raccoon and Eagle's rivalry well-known?,"Eagle keeps friends close, and rivals closer.",Maybe they’re putting the past behind.,"Raccoon brings street smarts, Eagle gives vision.",It could be a mutually beneficial move.,Never underestimate the underdog.
1,Rumblings are that Hippo is challenging Lion's leadership.,That would be an epic showdown.,Hippo has the mass but Lion has the strategy.,Hippo's been gathering supporters on the side.,Lion won't give up without a fight.,Isn't Hippo more of a peacekeeper?,Perhaps Hippo wants to ensure river rights.,Every leader faces opposition at times.,It’s about respect and resources.,Change can be a natural progression.
1,Giraffe is rumored to be spying for Zebra.,That long neck does give a good vantage point.,Zebra's stripes hide many secrets.,"If it’s true, it could disrupt the balance.",Giraffe is too noble for such things.,Zebra can be persuasive when they want.,It's all about survival and alliances.,"Zebra offers protection, Giraffe provides information.",The grasslands are full of intrigues.,Every animal has their own survival tactics.
1,I’ve heard that Rhino lent a huge debt to Hyena.,Hyena must have promised something big.,Rhino usually doesn’t trust easily.,Hyena's cunning meets Rhino's brute force.,"Rhino should be careful, Hyenas are crafty.",This could backfire for Rhino.,Debts always come with strings attached.,Maybe they’re planning a takeover together.,"Hyena offers intelligence, Rhino gives strength.","In the wild, it's all about mutual benefits."
1,Chameleon is rumored to be double-crossing Cobra.,That would be a dangerous game.,Chameleon's colors hide more than just feelings.,I sensed tension between them at the last gathering.,Chameleon should tread lightly.,I never trusted Cobra’s intentions.,Perhaps Chameleon is just adapting.,Chameleon might be gathering intel for someone else.,Cobra could be using Chameleon unknowingly.,Intrigues run deep in their circles.
0.5,I've noticed a rift between Seahorse and Octopus.,Seahorse has always been a bit aloof.,Octopus might be stretching its tentacles too far.,Their underwater alliance used to be solid.,Octopus has been seen with Jellyfish a lot.,Maybe Seahorse feels left out.,It's all about navigating underwater politics.,Octopus is looking for more allies.,Seahorse is too straightforward for intrigues.,One wrong move can lead to deep-sea drama.
0.5,Bison seems to be avoiding Crow lately.,Bison might be tired of Crow’s pranks.,Crow can be a bit too nosy.,They used to be thick as thieves.,Crow probably stirred the pot once too many.,Can’t Bison see Crow’s manipulations?,Bison might be seeking a quieter life.,Crow is gathering other allies.,Their past adventures tie them together.,Every friendship has its highs and lows.
0.5,Panther and Lemur had a fall out over territories.,Panther's territory has always been contested.,Lemur needs to tread lightly.,I saw their confrontation at the tree line.,"Panther has more power, but Lemur has agility.",Lemur should have stayed in his lane.,Territory disputes have old roots.,Lemur seeks a wider foraging area.,Panther doesn’t tolerate encroachments.,"In the jungle, boundaries are everything."
0.5,Squirrel was seen exchanging whispers with Hawk.,Isn’t Hawk a predator to Squirrel?,This could be a game-changing alliance.,Squirrel might be offering intel for protection.,I smell a bigger plot brewing.,Hawk could just be playing with Squirrel.,Alliances can be made in unlikely places.,"Squirrel knows the ground, Hawk owns the sky.",They might be targeting a common enemy.,Nature's politics are never straightforward.
0.5,Mantis seems to be influencing Cricket’s decisions.,They’ve been seen together a lot lately.,Mantis has a persuasive charm.,"Cricket should be wary, Mantis can be cunning.",Cricket's song has changed since their meetings.,Is Mantis truly a friend or a puppeteer?,Mantis might be seeking a partnership.,They’re pooling their resources.,"Cricket offers numbers, Mantis gives strategy.",Power dynamics are ever-shifting in their world.
0.5,Falcon has a hidden alliance with Rat.,Falcon with Rat? That’s intriguing!,Rat has connections everywhere.,It's a classic air-ground partnership.,Rat should be careful of Falcon’s talons.,Isn’t Falcon using Rat for personal gains?,"Falcon provides aerial support, Rat knows the ground.",Rat’s network meets Falcon’s vision.,Every secret alliance has an agenda.,Mutual interests bind the unlikeliest pairs.
0.5,I heard that Porcupine is sheltering Armadillo.,They've always had a mutual respect.,Armadillo might be fleeing some danger.,Porcupine’s quills can offer protection.,But isn’t Armadillo self-sufficient?,Porcupine might want something in return.,It’s about forming defensive partnerships.,Armadillo provides digging expertise.,Porcupine offers a fortified sanctuary.,Safety often comes with strings attached.
1,Ostrich and Gazelle seem to be in a silent feud.,Their territories do overlap a lot.,Gazelle has been grazing closer to Ostrich's nests.,I noticed their avoidance at the watering hole.,Gazelle should steer clear of Ostrich’s path.,Is Ostrich bullying Gazelle away?,Territory lines are often blurred.,"Gazelle offers agility, Ostrich has the sight.",They might be vying for a key resource.,Nature’s tiffs have their own reasons.
1,I've seen Badger giving secret information to Moose.,Badger is always involved in the forest's intrigues.,Moose would benefit from Badger’s intel.,Their alliance can shift the forest dynamics.,Badger’s loyalty is always questionable.,Is Moose just a pawn in Badger’s games?,It's about mutual survival strategies.,"Badger has the underground info, Moose has the strength.",They might be planning a forest coup.,Trust is a delicate balance in their world.
1,"You ever think the moon landing was, like, staged?","Dude, I've seen some wacky videos on that.",Remember that weird flag wave thing?,And what's up with those odd shadows?,"Come on, we’ve been back since.",Didn't they leave some mirror thing there?,Everyone on Reddit's debunked that.,Probably just Cold War shenanigans.,Wanted to show off to the Soviets.,Tech back then was crazy though.
5,"Man, did aliens help with the pyramids or what?","Those huge stones, moved by humans? Seriously?",Isn't it eerie how precise they are?,And that star alignment thing is wild.,We shouldn’t diss ancient peeps’ brains.,"Our ancestors were smart cookies, you know.",Bet it's just us being arrogant.,Maybe they had some super cool tools.,"Natural phenomena as a crane, maybe?",Generations probably worked on that masterpiece.
2,"Ever feel like chemtrails are... I dunno, shady?",I've totally seen those after planes pass.,I heard something about weather control.,"And there’s some patent thingy, right?","It’s just steamy stuff, mate.",Engines and cold air doing a tango.,Where’s the actual science on this?,Maybe it's a misunderstood cloud thing.,"Secret military stuff, maybe?",Sounds like a weather geek thing to me.
1,You think vaccines got those tiny tracking chips?,Super sus how they got made so fast.,Isn’t there some injectable chip tech?,And some side effects are straight-up weird.,Chips that tiny? Really?,Haven’t billions of us had shots now?,There's loads of checks before they jab you.,"More health check-ins than spying, I guess.","Data over eavesdropping, maybe?","They just want to tackle bugs faster, dude."
1,Think there’s a secret club pulling world strings?,"I keep seeing those weird symbols, man.",Aren’t some big names in on it?,Feels like they've been around forever.,Blaming them feels like a cop-out.,Got any legit proof on that?,Keeping THAT a secret? Come on.,"Simplifying world mess into one cause, huh?",Maybe they’re just rich folks hanging.,"We just need a bad guy, right?"
1,"Bermuda Triangle's gotta be spooky, right?",Ships and planes just... poof!,Magnetic what’s-its are all wonky there.,Didn't you mention alien sea bases once?,"It's a busy sea lane, bro.","It’s not that deadly, statistically speaking.",Some of those stories are wild exaggerations.,Giant sea caves maybe?,Earth's magnet thing acting up?,"Blame it on the wacky weather, maybe."
1,"Feels like big tech's, like, eavesdropping, yeah?",Ads are way too on point sometimes.,Happens way too much to be random.,Ever think your smart stuff listens in?,That’s some major privacy invasion.,How’d they process all our babbling?,Don’t they have rules against snooping?,It’s probably our weird web searches.,"Data collection, not secret spying.",They're just playing the prediction game.
1,You think there's a hidden old-age cure?,"Imagine if everyone lived forever, though.",Bet they'd only hook up VIPs.,Wouldn't pharma lose big bucks?,One cure for aging? Dream on.,"Our bodies are like, super complicated.",There'd be massive ethical drama.,"Baby steps in medicine, man.",Sounds like secret lab rat stuff.,"Aim's to stay healthy longer, not forever."
5,End of the world in 2012. Thoughts?,"Everything got weird after that, didn't it?",Feel like we jumped timelines or something.,Reality's felt off-beat since then.,Isn’t that just looking for patterns?,Every generation has a doomsday thing.,"Misreading the Mayan calendar, maybe?","Shift in, like, world vibes?",More symbolic mumbo jumbo?,"Time's just a human-made thing, bro."
1,Underground cities. Legit or just tales?,Heard they’re ready for all-out chaos.,Some elite hideout thing?,"Massive bunkers and all, right?","Underground myths are classic, man.",We'd notice something that big.,How'd they even pull that off secretly?,"Super-secret military hideout, maybe?","Survivalist hype, you think?","Society being scared, as usual."
3,"Man, universal healthcare sounds like a dream.","Totally, everyone deserves medical care.",Remember when we all marched for it?,No one should go broke over health.,"The taxes might skyrocket, though.",It's hard to restructure a whole system.,But other countries seem to pull it off.,Maybe we can adapt models from Scandinavia.,It’s all about reallocating resources.,Government efficiency needs a boost first.
3,I heard they're hiking the minimum wage again.,About time! Everyone deserves a living wage.,Makes sense with the rising cost of living.,Should help reduce the wealth gap.,Prices might rise in response.,Small businesses might struggle a bit.,But workers also become consumers.,It can stimulate the local economy.,Wage needs to match productivity growth.,Safety nets should also be strengthened.
1,Public transport's getting a massive upgrade.,"No more crammed subway rides, I hope.",Eco-friendly buses are a must nowadays.,"Less cars, cleaner air, happier life.",Wonder if the fares will shoot up.,Public projects always run into delays.,Should've started these upgrades years ago.,Infrastructure jobs can help the economy.,"Hope they incorporate more tech, like AI.",City planning and vision are crucial.
2,Think they’ll ever legalize recreational drugs?,"I mean, alcohol and tobacco are legal.",Could be a new source of tax revenue.,Controlled environments might reduce related crimes.,But addiction issues can spike.,Public health campaigns will be key.,Gotta learn from the alcohol prohibition era.,"Regulate, educate, and rehabilitate.",Consider the mental health implications too.,Destigmatizing usage might help.
1,Green energy policies are picking up pace.,"No more coal for Christmas, eh?",Wind and solar feel like the future.,Gotta leave a good planet for the kids.,Transition might hit some job sectors hard.,Energy storage tech needs improvement.,It's about long-term vision over short-term gains.,Incentives for green tech startups?,Diversifying our energy sources is smart.,It's an investment in our future.
3,Remember the debate on universal basic income?,People can focus on passion over paychecks.,It's a cushion against economic downturns.,Automation is replacing jobs left and right.,Where's that money gonna come from?,Economy dynamics will shift drastically.,Look at the pilot projects around the world.,Could be funded by tech giants.,"Redistribution from top earners, maybe?","Fostering creativity over survival, I guess."
1,They’re talking stricter gun control policies.,"Safer schools, safer streets, safer lives.",Background checks seem like a no-brainer.,Need a balance between rights and safety.,Criminals can always find a way.,Black markets might see a surge.,Drawing inspiration from countries with low gun crime.,Addressing root causes like socio-economic issues.,Fostering community and mental health.,Education and awareness campaigns are key.
1,New housing policies might combat the homeless issue.,Shelter is a basic human right.,Tiny homes projects seem innovative.,Rent control can ease the pressure too.,Might deter real estate investments though.,Urban planning gets complicated fast.,Consider adapting models from other cities.,Community-driven projects feel more sustainable.,Ensuring a mix of housing types.,Addressing the root causes is essential.
1,Plans to revamp the education system sound promising.,Everyone deserves access to quality learning.,Modern problems need modern curriculums.,Emphasizing soft skills over rote memorization.,Budget cuts have hurt schools before.,One size doesn't fit all in education.,Drawing methods from top-performing countries?,"More hands-on, experiential learning.",Focusing on critical thinking and problem-solving.,Teachers need better training and pay.
1,"Net neutrality’s a heated topic, huh?","Internet’s a utility, not a luxury.",Equal access promotes innovation and freedom.,Can't let corporations gatekeep our net.,Might slow down internet infrastructure investment.,Bureaucratic red tape can hinder progress.,Model it like electricity or water billing?,Protecting startup competition from big giants.,It's about democratizing information access.,Balancing free markets with public interest.
2,"You know, sometimes I just feel so isolated.","Hey, we're always here for you.",Totally get you. We all have those moments.,"It hits all of us at times, you know?",Ever thought about talking to someone professionally?,"We're here, okay? Don't hold back.",Maybe it's worth joining some groups or clubs?,"Leaning on us is okay, always.",Distracting with hobbies or interests might help.,"There's always ways to reconnect, online or offline."
2,"Man, my self-worth has been in the dumps lately.",You've always been incredible in my eyes.,It's a roller-coaster for everyone sometimes.,"Please, don't be so hard on yourself.",That social media comparison trap is real.,It's all about finding validation within.,Have you tried daily affirmations?,A therapist might have some tools to help.,Positive vibes and company can change a lot.,You'll find your groove; it’s a journey.
2,Anxiety's been kicking my butt recently.,"Been there, it can be really tough.","Always here to lend an ear, okay?",Remember those grounding techniques we tried?,Ever considered things like yoga or meditation?,Maybe go easy on the coffee?,Recognizing what triggers it can help.,Having a daily routine sometimes helps me.,Nature always has a calming effect on me.,"Never forget, reaching out shows strength."
1,"Lately, I just don’t know what I’m doing.","Your path will come to you, trust me.","Been there, felt that confusion too.","We all find our way, eventually.","Remember, there's no timeline to life.",Maybe a trip or change might inspire you?,"Dabble in different things, might find some clarity.",How about journaling your thoughts?,Seeking advice from those you admire?,"Everything will come together, just wait and see."
1,Trust issues are really weighing on me.,"Past events can leave a mark, I know.","It's a process, rebuilding that trust.",I've seen how much you've grown through it.,"Setting boundaries is vital, always.",Professional guidance can sometimes offer new perspectives.,Building trust starts from within.,Have you thought about joining any support groups?,There's some good literature on healing trust issues.,"Each new chapter's a fresh start, remember?"
1,I'm starting to think commitment scares me.,"Everyone has their own pace, it’s okay.","Commitment is big, it's natural to feel that way.","Your feelings always matter, never forget.",Revisiting past experiences can sometimes help.,Being open about it can be relieving.,"What about setting small, achievable commitment goals?",Letting yourself be vulnerable can be healing.,Have you read about different attachment styles?,Everyone has their own journey with commitment.
1,I often feel I just don’t belong anywhere.,Your place in the world will find you.,We've all felt like outsiders sometimes.,Your uniqueness is what makes you special.,Ever thought of seeking like-minded groups?,Maybe a change in perspective is due?,Exploring different environments could offer insights.,"It’s okay, everyone's journey is different.",Self-acceptance is the stepping stone.,"Always remember, you’re cherished here."
1,"At work, I constantly feel like a fraud.","Dude, you're super skilled and you’ve earned it.","Felt the same once, it's unnerving.","Your achievements speak volumes, trust that.",Chatting with colleagues might shed some light.,"Remember, we're all just figuring it out.",Reflecting on your achievements might help?,Feedback sessions could provide some clarity.,Remember to focus on the learning process.,"That feeling's common, you’re definitely not alone."
3,"You know, I've been holding onto a lot of anger.",It’s important to process and release it.,Channeling it right makes a difference.,"Been there, it can be overpowering.","Seeking outlets, maybe sports or hobbies?",Knowing what sets it off can help.,Therapy could provide some coping mechanisms.,How about journaling to vent?,Delving into the root cause can be enlightening.,"It's okay to reach out, always."
3,"Sometimes, I worry I'll end up all alone.",You've got a whole crew that cares about you.,Life's unexpected but you're surrounded by love.,We all share that fear at times.,Ever considered joining new communities or groups?,Being by oneself doesn’t equate loneliness.,Finding self-contentment is crucial.,"Building deeper connections, even within our circle?",Following passions can lead to meaningful bonds.,"Life's full of unexpected turns, stay hopeful."
2,I think puns about the sea are the best.,"Oh for sure, they're wavey!","Totally, they always go deep!",They just flow so naturally.,"Nah, they're a bit watered down.",I think they're a little shallow.,They make me feel lost at sea.,Maybe it's the vastness of the topic.,The ocean just has layers of humor.,They're catchy 'cause they're universal.
2,Foot puns are my Achilles' heel.,"Haha, same! They always trip me up!","Yeah, they toe-tally get me too!",I fall for them every single time.,Really? They're a bit pedestrian for me.,I just can't stand them.,They feel a bit flat-footed.,It's because they have sole!,"They resonate, everyone's got feet!",There’s just so much ground to cover with them.
2,"Space puns are stellar, aren’t they?","Absolutely, they’re out of this world!",They shine brighter than others for sure.,"Yeah, they always have a starry effect.","Hmm, they kind of space me out.",I find them a bit too...alienating.,"To me, they're just black holes.",Probably 'cause they’re vast and uncharted.,They cover a galaxy of topics.,"It’s the mystery of the cosmos, draws you in."
2,Cheese puns are genuinely gouda.,"Couldn’t agree more, they’re grate!","Totally, they melt my heart.",I get a cheddar feeling hearing them!,"Ugh, they're a bit cheesy for me.","For me, they stink like blue cheese.",They kind of milk the same jokes.,I think it’s their creamy texture.,"They have layers, like a cheese wheel.",It's the culture - everyone loves cheese.
5,I feel bread puns are a slice above the rest.,"Right? They're the best thing since...well, you know.","Yup, they rise to every occasion.",They always seem fresh and warm.,I find them a bit stale.,"To me, they’re just doughy.",They’re too crusty for my liking.,"It's the familiarity, bread's universal.",Everyone can loaf around with them.,People knead them in their lives.
10,Animal puns have a certain wild charm.,"So true, they’re always pawsome!","Yeah, they have a roaring presence.",They're just naturally fur-midable.,I find them a bit too...beastly.,They often just fly over my head.,Sometimes they’re just purr-dictable.,It's 'cause animals are everyday life.,They tap into our primal instincts.,People just have a zoo of emotions about them.
2,"Vegetable puns are so corny, but I love them.",Same! They always turnip the mood.,"Absolutely, they're unbeet-ably funny!","Yeah, they always peas me up.",I think they're a bit mashed up.,"I find them less appealing, like onion layers.",They just don’t sprout laughter for me.,It's their fresh crunchiness!,They root us to simple pleasures.,"They’ve got layers, just like life."
2,"Time puns, I think they’re timeless.",100%! They're always second to none!,"They're minute-ly crafted, for sure.",I clock into them immediately.,"Eh, they tick me off.",They often just run out for me.,I find them a bit hour-dated.,Time's a concept we all relate to.,They capture life’s fleeting moments.,It’s because everyone's racing against time.
3,I have a soft spot for furniture puns.,"Me too, they're chair-fully done!","Yeah, they always sit well with me.",I sofa-king agree with you!,Really? I just can't table them.,"To me, they’re wooden and flat.",I find them a bit reclined.,It’s because they hold everyday stories.,"They offer comfort, just like furniture.",They're the building blocks of our homes.
2,"I think insect puns really bug people, but I adore them.","Totally, they’re always buzzing with humor!","For sure, they fly high on my list.",They just have a sting of fun.,I think they crawl under my skin.,"Eh, they just mosquito away for me.",They often feel a bit...ant-tagonizing.,It’s their tiny intricacies that intrigue.,They remind us of nature's wonders.,It’s because they’re small but impactful.
